City_ID,City,Country,Date,Lat,Lng,Max Temp,Humidity,cloudiness,wind Speed
0,Ushuaia,AR,2021-10-28 00:12:03,-54.8,-68.3,47.86,53,20,12.66
1,Colac,AU,2021-10-28 00:12:03,-38.3333,143.5833,66.16,61,39,3.36
2,Touros,BR,2021-10-28 00:12:03,-5.1989,-35.4608,79.59,76,4,16.75
3,Hasaki,JP,2021-10-28 00:12:04,35.7333,140.8333,62.82,62,100,14.09
4,Cape Town,ZA,2021-10-28 00:08:52,-33.9258,18.4232,63.88,85,40,6.91
5,Victoria,HK,2021-10-28 00:07:49,22.2855,114.1577,78.33,79,86,1.01
6,Bambous Virieux,MU,2021-10-28 00:12:04,-20.3428,57.7575,71.22,69,3,8.39
7,Ribeira Grande,PT,2021-10-28 00:12:05,38.5167,-28.7,68.14,75,98,17.6
8,Atuona,PF,2021-10-28 00:12:05,-9.8,-139.0333,77.61,70,6,14.67
9,Port Elizabeth,ZA,2021-10-28 00:12:05,-33.918,25.5701,66.0,82,100,16.4
10,Tuktoyaktuk,CA,2021-10-28 00:12:06,69.4541,-133.0374,27.21,97,94,5.21
11,Butaritari,KI,2021-10-28 00:12:06,3.0707,172.7902,80.78,75,100,10.2
12,Torbay,CA,2021-10-28 00:09:29,47.6666,-52.7314,39.58,91,90,12.66
13,Yuryevets,RU,2021-10-28 00:12:07,57.3201,43.1041,42.85,85,97,15.26
14,Palmer,US,2021-10-28 00:12:07,42.1584,-72.3287,52.59,79,90,3.44
15,Vaini,TO,2021-10-28 00:12:07,-21.2,-175.2,78.96,83,20,12.66
16,Bethel,US,2021-10-28 00:12:08,41.3712,-73.414,54.72,85,75,3.44
17,Olafsvik,IS,2021-10-28 00:12:08,64.8945,-23.7142,39.6,96,100,28.32
18,Hermanus,ZA,2021-10-28 00:12:09,-34.4187,19.2345,61.9,96,89,3.85
19,Clearlake,US,2021-10-28 00:12:09,38.9582,-122.6264,71.71,67,36,1.36
20,Beringovskiy,RU,2021-10-28 00:12:09,63.05,179.3167,9.61,77,61,13.85
21,Pathein,MM,2021-10-28 00:12:10,16.7833,94.7333,74.59,93,82,5.06
22,Tevriz,RU,2021-10-28 00:12:10,57.509,72.4042,31.08,88,100,7.47
23,Wewak,PG,2021-10-28 00:12:10,-3.5534,143.6268,84.25,73,55,4.85
24,Koungou,YT,2021-10-28 00:12:11,-12.7336,45.2042,76.71,88,0,8.05
25,Jacksonville,US,2021-10-28 00:11:06,30.3322,-81.6556,71.26,81,75,1.01
26,Hobart,AU,2021-10-28 00:12:11,-42.8794,147.3294,70.27,62,49,3.0
27,Kapaa,US,2021-10-28 00:12:12,22.0752,-159.319,83.19,71,1,3.0
28,Carnarvon,AU,2021-10-28 00:12:12,-24.8667,113.6333,68.07,40,95,14.97
29,Punta Arenas,CL,2021-10-28 00:07:48,-53.15,-70.9167,48.31,61,0,4.61
30,Bluff,NZ,2021-10-28 00:12:12,-46.6,168.3333,58.46,71,6,9.6
31,Jamestown,US,2021-10-28 00:08:10,42.097,-79.2353,48.02,91,1,1.01
32,Provideniya,RU,2021-10-28 00:12:13,64.3833,-173.3,19.51,68,90,6.71
33,Busselton,AU,2021-10-28 00:12:13,-33.65,115.3333,54.05,64,81,8.63
34,Isangel,VU,2021-10-28 00:12:14,-19.55,169.2667,80.94,73,100,2.42
35,Birobidzhan,RU,2021-10-28 00:12:14,48.8,132.95,41.2,59,8,3.36
36,Hoquiam,US,2021-10-28 00:12:14,46.9809,-123.8893,53.58,63,90,4.61
37,Constitucion,CL,2021-10-28 00:12:14,-35.3333,-72.4167,54.91,84,19,11.81
38,Tahta,EG,2021-10-28 00:12:15,26.7693,31.5021,75.87,26,0,2.64
39,Longyearbyen,SJ,2021-10-28 00:12:15,78.2186,15.6401,21.04,68,75,6.91
40,Saskylakh,RU,2021-10-28 00:12:16,71.9167,114.0833,-6.75,100,100,4.27
41,Harlingen,US,2021-10-28 00:08:57,26.1906,-97.6961,87.98,28,1,10.36
42,Port Alfred,ZA,2021-10-28 00:12:16,-33.5906,26.891,66.88,83,100,26.13
43,Tezu,IN,2021-10-28 00:12:16,27.9167,96.1667,64.87,52,7,4.32
44,Thompson,CA,2021-10-28 00:12:17,55.7435,-97.8558,39.83,97,100,5.32
45,Mackay,AU,2021-10-28 00:12:17,-21.15,149.2,87.67,63,36,8.86
46,Mataura,NZ,2021-10-28 00:12:17,-46.1927,168.8643,70.05,47,7,4.07
47,Lagoa,PT,2021-10-28 00:12:18,39.05,-27.9833,66.92,75,79,22.68
48,Vestmannaeyjar,IS,2021-10-28 00:13:18,63.4427,-20.2734,42.4,71,33,11.03
49,Mar Del Plata,AR,2021-10-28 00:10:15,-38.0023,-57.5575,66.22,77,0,8.05
50,Leh,IN,2021-10-28 00:13:19,34.1667,77.5833,22.39,62,1,4.68
51,Xichang,CN,2021-10-28 00:13:19,27.8964,102.2634,55.69,85,99,2.55
52,Albany,US,2021-10-28 00:13:19,42.6001,-73.9662,50.99,72,100,5.57
53,College,US,2021-10-28 00:13:20,64.8569,-147.8028,28.35,88,75,4.61
54,Vilhena,BR,2021-10-28 00:13:20,-12.7406,-60.1458,73.96,74,92,2.39
55,Barrow,US,2021-10-28 00:13:20,71.2906,-156.7887,21.22,79,90,4.61
56,Mykhaylivka,UA,2021-10-28 00:13:21,47.2724,35.2224,40.14,67,2,3.53
57,Narsaq,GL,2021-10-28 00:13:21,60.9167,-46.05,30.42,63,22,7.63
58,Cabo San Lucas,MX,2021-10-28 00:11:40,22.8909,-109.9124,85.95,66,40,3.0
59,Kutum,SD,2021-10-28 00:13:21,14.2,24.6667,70.59,19,11,8.46
60,Zhangye,CN,2021-10-28 00:13:22,38.9342,100.4517,40.6,46,28,3.09
61,Adzope,CI,2021-10-28 00:13:22,6.1069,-3.8619,72.64,98,43,2.1
62,Fayaoue,NC,2021-10-28 00:13:23,-20.65,166.5333,76.87,81,1,11.21
63,Juneau,US,2021-10-28 00:13:23,58.3019,-134.4197,44.65,94,90,5.99
64,Port Hardy,CA,2021-10-28 00:13:23,50.6996,-127.4199,49.86,81,100,4.41
65,Andenes,NO,2021-10-28 00:13:24,69.3143,16.1194,37.38,70,58,27.63
66,Kavieng,PG,2021-10-28 00:13:24,-2.5744,150.7967,85.28,70,69,10.83
67,Comodoro Rivadavia,AR,2021-10-28 00:12:21,-45.8667,-67.5,67.86,30,0,5.75
68,Shellbrook,CA,2021-10-28 00:13:25,53.2168,-106.4011,44.51,54,2,3.4
69,Rikitea,PF,2021-10-28 00:13:25,-23.1203,-134.9692,74.55,74,34,3.38
70,Sao Joao Da Barra,BR,2021-10-28 00:13:25,-21.6403,-41.0511,73.67,89,55,11.3
71,San Patricio,US,2021-10-28 00:13:26,28.017,-97.5169,82.49,25,0,18.05
72,Khatanga,RU,2021-10-28 00:13:26,71.9667,102.5,1.69,95,100,10.78
73,Tasiilaq,GL,2021-10-28 00:13:27,65.6145,-37.6368,32.16,70,28,6.67
74,Netanya,IL,2021-10-28 00:13:27,32.3329,34.8599,66.94,65,1,8.21
75,Otavalo,EC,2021-10-28 00:13:27,0.2333,-78.2667,55.62,93,92,1.7
76,Saint-Philippe,RE,2021-10-28 00:13:28,-21.3585,55.7679,69.39,78,29,5.79
77,Arraial Do Cabo,BR,2021-10-28 00:13:28,-22.9661,-42.0278,72.48,90,100,15.61
78,Mainz,DE,2021-10-28 00:12:50,50.0,8.2711,51.62,89,1,0.0
79,Bengkulu,ID,2021-10-28 00:13:29,-3.8004,102.2655,77.22,81,100,3.56
80,Ponta Do Sol,PT,2021-10-28 00:13:30,32.6667,-17.1,68.72,68,7,2.13
81,Launceston,AU,2021-10-28 00:13:30,-41.45,147.1667,64.04,59,90,10.36
82,Hamilton,US,2021-10-28 00:11:08,39.1834,-84.5333,51.4,83,75,1.99
83,Kargat,RU,2021-10-28 00:13:30,55.1956,80.2811,28.83,59,90,9.26
84,Urumqi,CN,2021-10-28 00:13:31,43.801,87.6005,43.75,46,0,8.95
85,Vostok,RU,2021-10-28 00:13:31,46.4856,135.8833,36.55,79,93,4.99
86,Mahebourg,MU,2021-10-28 00:13:31,-20.4081,57.7,71.26,70,3,8.48
87,Rexburg,US,2021-10-28 00:13:22,43.826,-111.7897,51.78,50,1,11.5
88,Cascais,PT,2021-10-28 00:13:32,38.6979,-9.4215,65.97,52,0,3.0
89,Yumen,CN,2021-10-28 00:14:33,40.2833,97.2,40.1,45,14,13.38
90,Hilo,US,2021-10-28 00:14:33,19.7297,-155.09,82.13,66,1,10.36
91,Iqaluit,CA,2021-10-28 00:14:33,63.7506,-68.5145,25.7,92,49,1.99
92,Penapolis,BR,2021-10-28 00:14:34,-21.4197,-50.0775,72.16,93,98,11.54
93,Chuy,UY,2021-10-28 00:14:34,-33.6971,-53.4616,66.31,74,0,6.04
94,Caravelas,BR,2021-10-28 00:14:34,-17.7125,-39.2481,74.95,83,16,8.59
95,Dieppe,FR,2021-10-28 00:14:35,49.75,1.1667,49.32,86,29,9.8
96,Camabatela,AO,2021-10-28 00:14:35,-8.1881,15.375,63.57,99,99,3.42
97,Santo Antonio Do Sudoeste,BR,2021-10-28 00:14:35,-26.0736,-53.7253,63.19,66,97,3.53
98,Wiang Sa,TH,2021-10-28 00:14:36,8.6359,99.3666,79.79,89,100,2.35
99,Ghanzi,BW,2021-10-28 00:14:36,-21.5667,21.7833,66.18,79,100,12.71
100,Namanga,KE,2021-10-28 00:14:37,-2.5433,36.7905,64.47,79,44,4.27
101,Roma,US,2021-10-28 00:14:37,43.2128,-75.4557,51.12,76,40,5.75
102,Puerto Ayora,EC,2021-10-28 00:14:37,-0.7393,-90.3518,69.55,93,70,1.01
103,Roald,NO,2021-10-28 00:14:37,62.5833,6.1333,55.45,87,90,14.97
104,Kenai,US,2021-10-28 00:11:12,60.5544,-151.2583,39.09,56,20,0.0
105,Yellowknife,CA,2021-10-28 00:14:38,62.456,-114.3525,38.41,99,99,4.0
106,Kargasok,RU,2021-10-28 00:14:38,59.0556,80.8572,23.38,96,25,6.76
107,Graaff-Reinet,ZA,2021-10-28 00:14:39,-32.2522,24.5308,70.5,58,100,9.19
108,Poum,NC,2021-10-28 00:14:39,-20.2333,164.0167,75.74,81,2,9.31
109,Avarua,CK,2021-10-28 00:14:39,-21.2078,-159.775,77.05,69,90,6.91
110,Pevek,RU,2021-10-28 00:14:40,69.7008,170.3133,9.12,90,100,9.84
111,Port Lincoln,AU,2021-10-28 00:14:40,-34.7333,135.8667,61.11,84,69,18.72
112,Nikolskoye,RU,2021-10-28 00:14:40,59.7035,30.7861,46.87,95,100,5.82
113,Airai,TL,2021-10-28 00:14:41,-8.9266,125.4092,71.37,58,99,3.06
114,Tuatapere,NZ,2021-10-28 00:14:41,-46.1333,167.6833,66.22,57,7,1.5
115,Georgetown,MY,2021-10-28 00:14:41,5.4112,100.3354,80.89,88,20,3.44
116,Leshukonskoye,RU,2021-10-28 00:14:42,64.8989,45.7622,21.87,92,99,10.09
117,Atakpame,TG,2021-10-28 00:14:42,7.5333,1.1333,71.6,96,88,3.89
118,Mogocha,RU,2021-10-28 00:14:43,53.7333,119.7667,31.42,73,100,2.82
119,Kodiak,US,2021-10-28 00:13:03,57.79,-152.4072,41.38,59,10,5.79
120,Vanavara,RU,2021-10-28 00:14:43,60.34,102.2797,23.16,57,100,15.46
121,Mainit,PH,2021-10-28 00:14:43,9.535,125.5231,80.94,79,72,2.26
122,Komsomolskiy,UZ,2021-10-28 00:14:44,40.4272,71.7189,48.92,61,100,4.61
123,Muroto,JP,2021-10-28 00:14:44,33.2833,134.15,65.98,60,2,6.67
124,San Quintin,MX,2021-10-28 00:14:44,30.4833,-115.95,70.3,50,0,8.1
125,Kaitangata,NZ,2021-10-28 00:14:44,-46.2817,169.8464,62.26,68,12,7.92
126,Altay,CN,2021-10-28 00:14:45,47.8667,88.1167,36.41,61,68,6.15
127,Berea,US,2021-10-28 00:14:45,41.3662,-81.8543,55.09,93,90,3.44
128,Nome,US,2021-10-28 00:14:45,64.5011,-165.4064,24.87,59,1,3.44
129,Bolkhov,RU,2021-10-28 00:14:46,53.4433,36.0044,39.38,91,68,11.7
130,Kavaratti,IN,2021-10-28 00:14:46,10.5669,72.642,78.58,82,100,3.69
131,Shu,KZ,2021-10-28 00:14:47,43.5983,73.7614,51.57,57,100,6.06
132,Nanortalik,GL,2021-10-28 00:14:47,60.1432,-45.2371,34.41,68,17,7.14
133,Eenhana,NA,2021-10-28 00:15:47,-17.4667,16.3333,74.17,47,68,3.24
134,Yar-Sale,RU,2021-10-28 00:15:48,66.8333,70.8333,13.8,91,72,8.5
135,Port Hedland,AU,2021-10-28 00:15:48,-20.3167,118.5667,82.45,32,0,4.61
136,Kruisfontein,ZA,2021-10-28 00:15:48,-34.0033,24.7314,62.35,89,100,6.58
137,Wuda,CN,2021-10-28 00:15:48,39.4994,106.7117,45.19,47,45,1.7
138,Scharding,AT,2021-10-28 00:15:49,48.4529,13.4372,47.37,93,57,3.31
139,New Norfolk,AU,2021-10-28 00:15:49,-42.7826,147.0587,68.9,44,59,4.0
140,Kununurra,AU,2021-10-28 00:15:49,-15.7667,128.7333,89.58,62,90,4.61
141,Kanniyakumari,IN,2021-10-28 00:15:50,8.0833,77.5667,78.8,81,99,5.91
142,San Andres,CO,2021-10-28 00:15:50,12.5847,-81.7006,84.22,79,20,4.61
143,Elbistan,TR,2021-10-28 00:15:50,38.2059,37.1983,50.61,38,89,1.48
144,Belaya Gora,RU,2021-10-28 00:15:51,68.5333,146.4167,-0.02,91,100,2.33
145,Oktyabrskoye,RU,2021-10-28 00:15:51,43.0645,44.7417,24.94,100,0,4.47
146,Salalah,OM,2021-10-28 00:12:42,17.0151,54.0924,76.89,62,5,3.6
147,High Rock,BS,2021-10-28 00:15:51,26.6208,-78.2833,75.22,62,63,7.34
148,San Bartolome De Tirajana,ES,2021-10-28 00:15:52,27.9248,-15.5733,59.47,66,20,10.36
149,Dikson,RU,2021-10-28 00:15:52,73.5069,80.5464,4.69,97,50,5.19
150,Porto Novo,BJ,2021-10-28 00:15:52,6.4965,2.6036,82.22,88,40,4.52
151,Wonthaggi,AU,2021-10-28 00:15:53,-38.6044,145.5913,70.05,67,58,4.25
152,Katsuura,JP,2021-10-28 00:15:53,35.1333,140.3,66.18,82,99,11.14
153,Cidreira,BR,2021-10-28 00:15:53,-30.1811,-50.2056,67.96,88,0,11.65
154,Candido Mendes,BR,2021-10-28 00:15:54,-1.4467,-45.7167,76.71,86,60,3.89
155,Bredasdorp,ZA,2021-10-28 00:15:54,-34.5322,20.0403,61.92,94,77,4.61
156,Castro,BR,2021-10-28 00:15:54,-24.7911,-50.0119,61.83,91,98,10.92
157,Bambanglipuro,ID,2021-10-28 00:15:55,-7.95,110.2833,79.45,83,100,3.11
158,Saint-Georges,GD,2021-10-28 00:15:55,12.0564,-61.7485,82.08,78,40,9.22
159,Tilichiki,RU,2021-10-28 00:15:55,60.4667,166.1,4.71,85,10,8.48
160,Porto Seguro,BR,2021-10-28 00:15:53,-16.4497,-39.0647,77.52,83,40,8.05
161,Snagov,RO,2021-10-28 00:15:56,44.7,26.1833,45.9,93,4,4.61
162,Belchatow,PL,2021-10-28 00:15:56,51.3688,19.3567,51.49,85,87,6.67
163,Flinders,AU,2021-10-28 00:15:56,-34.5833,150.8552,79.18,62,68,1.99
164,Prince Rupert,CA,2021-10-28 00:15:57,54.3161,-130.3201,49.69,61,76,16.11
165,Isla Vista,US,2021-10-28 00:15:57,34.4133,-119.861,85.68,41,1,0.0
166,Saint-Prosper,CA,2021-10-28 00:15:57,46.2117,-70.4811,40.68,87,16,8.12
167,Taoudenni,ML,2021-10-28 00:15:58,22.6783,-3.9836,85.51,18,95,14.63
168,Madras,IN,2021-10-28 00:15:13,13.0878,80.2785,80.58,83,75,3.44
169,Sao Filipe,CV,2021-10-28 00:15:58,14.8961,-24.4956,79.03,76,95,10.4
170,Lebu,CL,2021-10-28 00:15:58,-37.6167,-73.65,53.04,88,26,13.15
171,Asau,RO,2021-10-28 00:15:59,46.4333,26.4,43.75,79,27,4.41
172,Upernavik,GL,2021-10-28 00:15:59,72.7868,-56.1549,21.22,80,63,3.89
173,Araxa,BR,2021-10-28 00:15:59,-19.5933,-46.9406,67.96,100,40,11.5
174,Honningsvag,NO,2021-10-28 00:16:00,70.9821,25.9704,27.93,64,14,23.47
175,Kungsbacka,SE,2021-10-28 00:16:00,57.4872,12.0761,56.75,95,100,14.0
176,Nouadhibou,MR,2021-10-28 00:16:00,20.931,-17.0347,67.98,77,25,14.97
177,Gasa,PS,2021-10-28 00:16:00,31.5,34.4667,66.9,66,1,8.41
178,Balkanabat,TM,2021-10-28 00:16:01,39.5108,54.3671,45.82,73,4,5.48
179,North Bend,US,2021-10-28 00:14:58,43.4065,-124.2243,65.91,91,90,8.05
180,Axim,GH,2021-10-28 00:17:02,4.8699,-2.2405,76.95,90,41,6.8
181,Panalingaan,PH,2021-10-28 00:17:03,8.7842,117.4231,81.95,78,97,3.15
182,San Carlos De Bariloche,AR,2021-10-28 00:17:03,-41.1456,-71.3082,58.75,31,0,11.5
183,Trincomalee,LK,2021-10-28 00:17:03,8.5711,81.2335,78.26,84,100,5.12
184,Udachnyy,RU,2021-10-28 00:17:04,66.4167,112.4,17.64,81,100,16.55
185,Jiuquan,CN,2021-10-28 00:17:04,39.7432,98.5174,39.97,46,45,5.03
186,Finspang,SE,2021-10-28 00:17:04,58.7058,15.7674,55.51,90,100,8.34
187,Luunja,EE,2021-10-28 00:17:05,58.3558,26.8808,48.54,69,90,19.57
188,Gidam,IN,2021-10-28 00:17:05,18.9833,81.4,67.42,83,86,3.11
189,Bilma,NE,2021-10-28 00:17:05,18.6853,12.9164,79.3,17,0,2.98
190,Moratuwa,LK,2021-10-28 00:17:06,6.773,79.8816,78.01,84,100,4.23
191,Geraldton,AU,2021-10-28 00:17:06,-28.7667,114.6,63.01,59,91,12.66
192,Sault Sainte Marie,CA,2021-10-28 00:17:06,46.5168,-84.3333,48.88,84,40,3.44
193,Barcelos,PT,2021-10-28 00:13:17,41.5388,-8.6151,59.92,66,11,3.02
194,Bima,ID,2021-10-28 00:17:07,-8.4667,118.7167,86.56,65,26,3.71
195,Richards Bay,ZA,2021-10-28 00:17:07,-28.783,32.0377,65.89,81,99,4.05
196,Corinto,GR,2021-10-28 00:17:08,37.9407,22.9573,60.89,67,29,5.17
197,Tazovskiy,RU,2021-10-28 00:17:08,67.4667,78.7,1.33,97,77,4.7
198,Batagay-Alyta,RU,2021-10-28 00:12:17,67.8006,130.4114,3.24,93,100,0.45
199,Candolim,IN,2021-10-28 00:17:09,15.5181,73.7626,73.4,88,33,6.91
200,Chokurdakh,RU,2021-10-28 00:17:09,70.6333,147.9167,4.82,90,100,4.99
201,Lata,PT,2021-10-28 00:17:09,40.1629,-8.3327,52.05,62,0,2.06
202,Qaanaaq,GL,2021-10-28 00:15:16,77.484,-69.3632,20.59,95,100,10.33
203,Visby,SE,2021-10-28 00:17:10,57.6409,18.296,55.06,94,90,14.97
204,Tupelo,US,2021-10-28 00:17:10,34.2576,-88.7034,70.09,53,90,4.61
205,Moose Factory,CA,2021-10-28 00:17:11,51.2585,-80.6094,37.4,100,1,6.91
206,Boende,CD,2021-10-28 00:17:11,-0.2167,20.8667,69.91,99,100,1.88
207,Kloulklubed,PW,2021-10-28 00:17:11,7.0419,134.2556,86.5,69,92,8.81
208,Palizada,MX,2021-10-28 00:17:11,18.25,-92.0833,89.58,85,62,3.36
209,Saldanha,ZA,2021-10-28 00:17:12,-33.0117,17.9442,58.57,95,84,9.51
210,Ostrovnoy,RU,2021-10-28 00:17:12,68.0531,39.5131,30.56,65,89,12.28
211,Mogadishu,SO,2021-10-28 00:15:04,2.0371,45.3438,79.11,82,18,10.96
212,Petropavlovsk-Kamchatskiy,RU,2021-10-28 00:17:13,53.0452,158.6483,36.19,75,0,6.71
213,Pisco,PE,2021-10-28 00:17:13,-13.7,-76.2167,62.65,77,0,16.11
214,Pitimbu,BR,2021-10-28 00:17:13,-7.4706,-34.8086,77.59,80,11,11.45
215,Vila Franca Do Campo,PT,2021-10-28 00:17:14,37.7167,-25.4333,68.41,86,95,9.6
216,Santa Catarina De Tepehuanes,MX,2021-10-28 00:17:14,25.35,-105.7333,68.74,36,0,3.36
217,Souillac,MU,2021-10-28 00:17:14,-20.5167,57.5167,71.37,88,20,4.61
218,Cherskiy,RU,2021-10-28 00:17:15,68.75,161.3,-12.24,94,9,5.26
219,Chignahuapan,MX,2021-10-28 00:17:15,19.8333,-98.0333,61.84,80,55,1.81
220,Riverton,US,2021-10-28 00:16:43,40.5219,-111.9391,56.28,54,75,1.99
221,Ginda,IN,2021-10-28 00:17:15,30.6945,78.4932,45.55,33,0,8.1
222,Surgut,RU,2021-10-28 00:17:16,61.25,73.4167,17.78,100,40,2.24
223,Vanersborg,SE,2021-10-28 00:17:16,58.3807,12.3234,55.35,94,90,11.5
224,Balabac,PH,2021-10-28 00:17:16,7.9868,117.0645,83.8,75,95,14.56
225,Sao Felix Do Xingu,BR,2021-10-28 00:17:17,-6.6447,-51.995,77.11,75,83,1.28
226,Haapiti,PF,2021-10-28 00:18:17,-17.5667,-149.8667,82.13,80,10,10.4
227,Quelimane,MZ,2021-10-28 00:18:17,-17.8786,36.8883,74.14,74,43,7.18
228,Esperance,AU,2021-10-28 00:18:18,-33.8667,121.9,51.64,65,81,22.86
229,General Roca,AR,2021-10-28 00:18:18,-39.0333,-67.5833,77.63,18,98,10.45
230,East London,ZA,2021-10-28 00:18:18,-33.0153,27.9116,67.1,83,100,24.96
231,Vao,NC,2021-10-28 00:18:19,-22.6667,167.4833,72.55,85,15,15.19
232,Oussouye,SN,2021-10-28 00:18:19,12.485,-16.5469,82.58,77,99,4.25
233,Ilulissat,GL,2021-10-28 00:18:19,69.2167,-51.1,14.02,57,100,5.75
234,Okhotsk,RU,2021-10-28 00:18:20,59.3833,143.3,21.54,79,74,6.62
235,Haines Junction,CA,2021-10-28 00:18:20,60.7522,-137.5108,31.95,69,99,1.14
236,Smoky Lake,CA,2021-10-28 00:18:20,54.1169,-112.4686,48.96,53,44,3.44
237,Bana,CM,2021-10-28 00:18:21,5.1481,10.2762,60.4,96,71,0.85
238,Ahipara,NZ,2021-10-28 00:18:21,-35.1667,173.1667,68.2,65,100,5.53
239,Lompoc,US,2021-10-28 00:13:53,34.6391,-120.4579,79.21,66,1,11.5
240,Ejura,GH,2021-10-28 00:16:20,7.3856,-1.3562,72.57,93,32,4.23
241,Boa Vista,BR,2021-10-28 00:18:22,2.8197,-60.6733,82.38,65,20,6.91
242,Ewa Beach,US,2021-10-28 00:18:22,21.3156,-158.0072,85.01,58,75,11.5
243,Merano,IT,2021-10-28 00:18:23,46.6682,11.1595,52.34,53,2,2.15
244,Saint George,US,2021-10-28 00:16:52,37.1041,-113.5841,70.27,33,1,1.99
245,Tucumcari,US,2021-10-28 00:18:23,35.1717,-103.725,60.94,14,1,6.91
246,Vestmanna,FO,2021-10-28 00:18:23,62.1564,-7.1664,45.52,100,90,10.36
247,Khuzdar,PK,2021-10-28 00:18:24,27.7384,66.6434,58.14,41,0,1.92
248,Grand Gaube,MU,2021-10-28 00:18:24,-20.0064,57.6608,71.38,73,3,1.99
249,Porto Walter,BR,2021-10-28 00:18:24,-8.2686,-72.7439,78.39,69,82,1.5
250,Muravlenko,RU,2021-10-28 00:18:24,63.7898,74.523,9.45,93,51,7.76
251,Puerto Escondido,MX,2021-10-28 00:18:25,15.85,-97.0667,83.23,65,40,9.22
252,Brus,RS,2021-10-28 00:18:25,43.3836,21.0336,34.34,89,2,1.16
253,Chivay,PE,2021-10-28 00:18:25,-15.6383,-71.6011,52.57,32,12,7.2
254,Sioux Lookout,CA,2021-10-28 00:18:26,50.1001,-91.917,46.78,81,90,3.44
255,Korla,CN,2021-10-28 00:18:26,41.7597,86.1469,45.61,46,6,2.57
256,Machali,CL,2021-10-28 00:18:26,-34.1833,-70.6667,67.15,49,15,1.54
257,Zermatt,CH,2021-10-28 00:18:27,46.0213,7.7491,39.11,38,0,7.67
258,Kilis,TR,2021-10-28 00:18:27,36.7161,37.115,53.83,27,38,3.62
259,Vega De Alatorre,MX,2021-10-28 00:18:27,20.0333,-96.6333,83.62,85,8,4.41
260,Coihaique,CL,2021-10-28 00:18:28,-45.5752,-72.0662,57.15,47,75,8.05
261,Sitka,US,2021-10-28 00:13:51,57.0531,-135.33,44.49,76,90,13.8
262,Sokoni,TZ,2021-10-28 00:18:28,-6.4333,39.55,78.17,78,51,5.64
263,Burns Lake,CA,2021-10-28 00:18:28,54.2331,-125.7533,42.22,56,14,11.23
264,Alugan,PH,2021-10-28 00:18:29,12.2188,125.4808,82.33,79,95,6.87
265,Clyde River,CA,2021-10-28 00:18:29,70.4692,-68.5914,27.16,83,100,2.93
266,Saint-Doulchard,FR,2021-10-28 00:18:29,47.1037,2.352,44.98,89,2,6.87
267,Sorong,ID,2021-10-28 00:18:30,-0.8833,131.25,83.39,76,63,7.9
268,Krasnoselkup,RU,2021-10-28 00:18:30,65.7,82.4667,1.8,99,82,6.71
269,Datong,CN,2021-10-28 00:18:30,40.0936,113.2914,46.94,43,100,2.95
270,Tiksi,RU,2021-10-28 00:18:31,71.6872,128.8694,1.69,99,77,4.21
271,Tautira,PF,2021-10-28 00:18:31,-17.7333,-149.15,82.42,76,4,12.03
272,Khakhea,BW,2021-10-28 00:18:31,-24.6895,23.494,66.9,80,100,15.1
273,Ubinskoye,RU,2021-10-28 00:18:31,55.3068,79.6802,29.46,59,96,10.2
274,Terme,TR,2021-10-28 00:19:32,41.2092,36.9739,55.96,81,86,0.92
275,Moussoro,TD,2021-10-28 00:19:32,13.6408,16.4901,84.02,14,32,9.51
276,Nanakuli,US,2021-10-28 00:19:33,21.3906,-158.1547,85.03,61,75,10.36
277,Hofn,IS,2021-10-28 00:19:33,64.2539,-15.2082,37.42,87,90,3.44
278,Cayenne,GF,2021-10-28 00:19:33,4.9333,-52.3333,82.09,83,0,5.01
279,Riberalta,BO,2021-10-28 00:19:34,-10.9833,-66.1,76.51,79,79,2.66
280,Plettenberg Bay,ZA,2021-10-28 00:19:34,-34.0527,23.3716,66.04,89,92,3.74
281,Pasni,PK,2021-10-28 00:19:34,25.2631,63.471,77.05,62,0,4.05
282,Whitley Bay,GB,2021-10-28 00:19:35,55.0397,-1.4471,61.32,75,40,1.01
283,Berdsk,RU,2021-10-28 00:14:38,54.7551,83.0967,27.09,58,83,8.52
284,Saint-Cyr-Sur-Loire,FR,2021-10-28 00:19:35,47.4,0.6667,46.65,93,0,4.61
285,Yarmouth,US,2021-10-28 00:19:35,41.7057,-70.2286,51.15,96,100,35.99
286,Rawson,AR,2021-10-28 00:19:35,-43.3002,-65.1023,71.04,33,0,24.36
287,Basco,PH,2021-10-28 00:19:36,20.4487,121.9702,80.02,70,96,22.32
288,Mana,GF,2021-10-28 00:19:36,5.6592,-53.7767,78.51,89,40,9.26
289,Rocha,UY,2021-10-28 00:19:36,-34.4833,-54.3333,65.44,74,0,4.12
290,Sur,OM,2021-10-28 00:19:37,22.5667,59.5289,76.71,68,6,6.87
291,Darnah,LY,2021-10-28 00:19:37,32.767,22.6367,69.67,85,36,9.44
292,Dorado,PR,2021-10-28 00:19:37,18.4588,-66.2677,82.29,70,69,7.83
293,Ulaangom,MN,2021-10-28 00:19:38,49.9811,92.0667,33.94,67,90,2.46
294,Araouane,ML,2021-10-28 00:19:38,18.9048,-3.5265,86.94,18,84,7.38
295,Tura,IN,2021-10-28 00:19:38,25.5198,90.2201,65.86,93,0,3.53
296,Coahuayana,MX,2021-10-28 00:19:39,18.7333,-103.6833,85.48,81,90,3.67
297,Gediz,TR,2021-10-28 00:19:39,39.0417,29.41,45.48,57,0,6.04
298,Zharkent,KZ,2021-10-28 00:19:39,44.1628,80.0,46.83,51,98,0.51
299,Coquimbo,CL,2021-10-28 00:15:07,-29.9533,-71.3436,55.13,87,0,8.05
300,Viedma,AR,2021-10-28 00:19:40,-40.8135,-62.9967,65.55,32,15,15.59
301,Maryville,US,2021-10-28 00:15:31,35.7565,-83.9705,54.73,76,20,1.99
302,Vigrestad,NO,2021-10-28 00:19:40,58.5667,5.7,55.08,98,100,14.52
303,Belmonte,BR,2021-10-28 00:19:41,-15.8631,-38.8828,77.5,85,4,7.47
304,Stokmarknes,NO,2021-10-28 00:19:41,68.5646,14.9108,38.5,96,100,11.03
305,Necochea,AR,2021-10-28 00:19:41,-38.5473,-58.7368,71.04,74,0,11.32
306,Waitara,NZ,2021-10-28 00:19:42,-38.925,174.25,63.72,97,100,8.7
307,Hovd,MN,2021-10-28 00:19:42,48.0056,91.6419,36.37,42,100,6.93
308,Dingli,MT,2021-10-28 00:19:42,35.8614,14.3822,64.81,94,75,19.57
309,Khoy,IR,2021-10-28 00:19:43,38.5504,44.9535,40.62,41,4,1.28
310,Zeya,RU,2021-10-28 00:19:43,53.75,127.2667,33.22,75,48,1.3
311,Bay Roberts,CA,2021-10-28 00:19:43,47.5999,-53.2648,41.05,86,100,13.0
312,Enshi,CN,2021-10-28 00:19:43,30.3,109.4833,56.57,90,94,1.21
313,Sisimiut,GL,2021-10-28 00:19:44,66.9395,-53.6735,23.83,68,100,5.59
314,Kinsale,IE,2021-10-28 00:19:44,51.7075,-8.5306,56.57,94,75,5.75
315,Acarau,BR,2021-10-28 00:19:44,-2.8856,-40.12,80.11,81,40,15.41
316,Hirara,JP,2021-10-28 00:19:45,24.8,125.2833,76.86,64,40,11.5
317,Qaqortoq,GL,2021-10-28 00:19:45,60.7167,-46.0333,30.7,72,13,6.58
318,Sovetskiy,RU,2021-10-28 00:19:45,61.3614,63.5842,29.53,97,100,7.72
319,Husavik,IS,2021-10-28 00:19:46,66.0449,-17.3389,33.71,96,100,7.23
320,Dalvik,IS,2021-10-28 00:19:46,65.9702,-18.5286,33.73,97,100,7.76
321,Megion,RU,2021-10-28 00:19:46,61.0296,76.1136,12.22,95,55,7.02
322,Dali,CN,2021-10-28 00:20:47,25.7,100.1833,54.32,93,57,2.75
323,Hami,CN,2021-10-28 00:20:47,42.8,93.45,45.88,37,12,1.45
324,Paamiut,GL,2021-10-28 00:20:47,61.994,-49.6678,30.65,70,32,14.0
325,Aksu,CN,2021-10-28 00:20:48,41.1231,80.2644,46.53,43,58,2.68
326,Faanui,PF,2021-10-28 00:20:48,-16.4833,-151.75,79.45,80,22,10.96
327,Rio Grande,BR,2021-10-28 00:18:51,-32.035,-52.0986,64.94,82,0,7.29
328,Alofi,NU,2021-10-28 00:20:48,-19.0595,-169.9187,82.29,57,75,18.41
329,Fairview,US,2021-10-28 00:20:48,40.8126,-73.999,58.98,68,90,6.91
330,Namatanai,PG,2021-10-28 00:20:49,-3.6667,152.4333,86.23,64,29,4.18
331,Russell,US,2021-10-28 00:20:49,32.3502,-85.1999,65.43,84,1,4.61
332,Tortoli,IT,2021-10-28 00:20:49,39.9256,9.6572,59.99,82,40,4.61
333,Klamath Falls,US,2021-10-28 00:20:50,42.2249,-121.7817,57.87,69,1,5.01
334,Yilan,TW,2021-10-28 00:18:56,24.757,121.753,77.11,99,97,1.72
335,Gat,IL,2021-10-28 00:20:50,31.61,34.7642,68.4,55,0,5.41
336,Port Augusta,AU,2021-10-28 00:20:50,-32.5,137.7667,88.7,34,1,21.03
337,Cap-Aux-Meules,CA,2021-10-28 00:19:01,47.3821,-61.8597,48.25,66,75,21.85
338,Opuwo,NA,2021-10-28 00:20:51,-18.0607,13.84,67.71,31,46,4.79
339,Portland,US,2021-10-28 00:17:51,45.5234,-122.6762,56.44,91,90,1.01
340,Verkhoyansk,RU,2021-10-28 00:20:51,67.5447,133.385,2.19,99,93,0.76
341,Saquena,PE,2021-10-28 00:20:52,-4.6667,-73.5167,73.15,96,97,0.76
342,Leningradskiy,RU,2021-10-28 00:20:52,69.3833,178.4167,10.65,92,100,20.36
343,Kargil,IN,2021-10-28 00:20:52,34.5667,76.1,29.19,57,1,2.26
344,Nshamba,TZ,2021-10-28 00:18:09,-1.7983,31.5511,63.12,80,91,2.46
345,Kamina,CD,2021-10-28 00:20:53,-8.7386,24.9906,66.25,80,80,3.85
346,Warrnambool,AU,2021-10-28 00:20:53,-38.3833,142.4833,62.82,89,88,13.0
347,Seoul,KR,2021-10-28 00:18:18,37.5683,126.9778,56.64,71,0,3.44
348,Kashi,CN,2021-10-28 00:20:53,39.4547,75.9797,47.41,39,20,11.18
349,Kahului,US,2021-10-28 00:20:54,20.8947,-156.47,84.22,67,20,25.32
350,Zaozerne,UA,2021-10-28 00:20:54,45.1582,33.2787,46.44,77,0,7.83
351,Colares,PT,2021-10-28 00:20:54,38.7992,-9.4469,65.34,50,0,3.0
352,Camenca,MD,2021-10-28 00:20:55,48.0319,28.6978,43.74,86,45,2.39
353,Yuzhnyy,RU,2021-10-28 00:20:55,53.2542,83.6936,23.38,74,0,4.47
354,Severo-Kurilsk,RU,2021-10-28 00:20:55,50.6789,156.125,43.63,92,97,8.72
355,Grindavik,IS,2021-10-28 00:20:55,63.8424,-22.4338,37.87,81,0,10.36
356,Am Timan,TD,2021-10-28 00:20:56,11.0297,20.2827,79.77,57,65,4.99
357,Alyangula,AU,2021-10-28 00:20:56,-13.8483,136.4192,87.06,58,7,11.41
358,Cabo Rojo,PR,2021-10-28 00:20:57,18.0866,-67.1457,82.72,79,18,1.01
359,Hambantota,LK,2021-10-28 00:20:57,6.1241,81.1185,78.98,77,100,5.82
360,Numazu,JP,2021-10-28 00:20:57,35.1,138.8667,67.14,73,44,4.47
361,Fairbanks,US,2021-10-28 00:20:57,64.8378,-147.7164,28.36,88,90,0.0
362,Ashcroft,CA,2021-10-28 00:20:58,50.7165,-121.2859,57.42,73,98,6.87
363,Nuevo Progreso,MX,2021-10-28 00:20:58,23.1667,-97.95,90.59,60,43,1.99
364,Pacific Grove,US,2021-10-28 00:20:58,36.6177,-121.9166,75.4,79,1,1.99
365,Bubaque,GW,2021-10-28 00:20:59,11.2833,-15.8333,81.82,78,66,8.16
366,Khandyga,RU,2021-10-28 00:20:59,62.6667,135.6,24.12,96,100,2.06
367,Macau,MO,2021-10-28 00:20:59,22.2006,113.5461,78.6,83,75,10.36
368,Goundam,ML,2021-10-28 00:21:00,16.4145,-3.6708,89.49,13,4,7.14
369,Kamaishi,JP,2021-10-28 00:22:00,39.2667,141.8833,58.15,62,24,8.1
370,Laguna,US,2021-10-28 00:22:01,38.421,-121.4238,73.49,68,1,5.99
371,Tuy Hoa,VN,2021-10-28 00:22:02,13.0833,109.3,77.5,91,99,2.26
372,Iracoubo,GF,2021-10-28 00:22:02,5.4802,-53.2011,78.66,87,41,7.99
373,Bowen,AU,2021-10-28 00:22:03,-20.0167,148.2333,80.73,64,9,9.64
374,Worland,US,2021-10-28 00:22:03,44.0169,-107.9554,51.67,57,40,4.0
375,Svetlaya,RU,2021-10-28 00:22:03,46.5389,138.3297,48.61,54,100,8.68
376,Mlowo,TZ,2021-10-28 00:22:03,-9.0,32.9833,60.03,73,13,1.88
377,Xiongyue,CN,2021-10-28 00:22:04,40.1774,122.1228,55.42,54,0,5.08
378,Shar,KZ,2021-10-28 00:22:04,49.5886,81.0453,33.31,94,100,4.36
379,Chapais,CA,2021-10-28 00:22:04,49.7834,-74.8492,31.78,77,95,4.92
380,Banjar,ID,2021-10-28 00:18:52,-8.19,114.9675,80.46,73,94,1.63
381,Ono,JP,2021-10-28 00:22:05,34.85,134.9333,66.13,52,0,9.13
382,Vardo,NO,2021-10-28 00:22:05,70.3705,31.1107,34.61,53,99,14.65
383,Baykit,RU,2021-10-28 00:22:06,61.67,96.37,19.67,85,100,12.95
384,Licata,IT,2021-10-28 00:22:06,37.1071,13.9461,64.9,77,100,15.39
385,Siva,EG,2021-10-28 00:22:06,29.2041,25.5195,72.16,43,23,7.05
386,Plainview,US,2021-10-28 00:22:07,40.7765,-73.4673,58.51,76,75,1.01
387,Tazmalt,DZ,2021-10-28 00:22:07,36.3868,4.3989,58.55,87,100,2.24
388,Anori,BR,2021-10-28 00:22:07,-3.7728,-61.6442,74.88,97,98,0.18
389,Nekhayevskiy,RU,2021-10-28 00:22:08,50.4106,41.7561,35.15,47,8,8.28
390,Nadvoitsy,RU,2021-10-28 00:22:08,63.8667,34.3167,31.21,91,100,7.49
391,Namibe,AO,2021-10-28 00:22:08,-15.1961,12.1522,66.34,70,32,9.24
392,Kaeo,NZ,2021-10-28 00:22:09,-35.1,173.7833,65.32,94,100,3.71
393,Abu Samrah,SY,2021-10-28 00:22:09,35.3029,37.1841,64.27,39,74,2.91
394,Nikki,BJ,2021-10-28 00:22:10,9.9401,3.2108,76.17,76,14,5.26
395,Thunder Bay,CA,2021-10-28 00:21:44,48.4001,-89.3168,49.28,82,90,12.66
396,Puteyets,RU,2021-10-28 00:22:10,65.1716,57.091,27.48,96,100,13.02
397,Semnan,IR,2021-10-28 00:22:10,35.5729,53.3971,47.46,58,20,2.21
398,Hatfield,GB,2021-10-28 00:21:03,51.7634,-0.2242,58.55,88,90,11.5
399,Mayo,US,2021-10-28 00:22:11,38.8876,-76.5119,65.12,82,1,3.44
400,Verkh-Chebula,RU,2021-10-28 00:21:16,56.0308,87.6218,27.3,64,75,8.41
401,Verkhnetulomskiy,RU,2021-10-28 00:19:16,68.6073,31.7962,6.93,90,10,2.77
402,Hithadhoo,MV,2021-10-28 00:22:11,-0.6,73.0833,81.88,70,71,14.47
403,Kaduqli,SD,2021-10-28 00:22:12,11.0167,29.7167,79.7,51,66,1.07
404,Mponela,MW,2021-10-28 00:22:12,-13.5319,33.7401,67.69,70,24,10.29
405,La Rioja,ES,2021-10-28 00:21:42,42.25,-2.5,43.48,63,5,4.79
406,Kautokeino,NO,2021-10-28 00:22:12,69.0125,23.0412,22.5,92,100,18.41
407,Middelburg,ZA,2021-10-28 00:22:13,-25.7751,29.4648,60.24,75,100,8.7
408,Soe,ID,2021-10-28 00:22:13,-9.8607,124.284,79.07,54,96,5.12
409,Koumac,NC,2021-10-28 00:22:13,-20.5667,164.2833,80.31,69,10,9.66
410,Flin Flon,CA,2021-10-28 00:22:14,54.7682,-101.865,43.25,88,100,3.56
411,Bilibino,RU,2021-10-28 00:22:14,68.0546,166.4372,-14.1,96,37,2.15
412,Champerico,GT,2021-10-28 00:23:14,14.3,-91.9167,86.34,80,55,7.05
413,Santana Do Paraiso,BR,2021-10-28 00:23:15,-19.3636,-42.5686,70.27,81,85,2.84
414,Townsville,AU,2021-10-28 00:23:15,-19.25,146.8,85.08,58,40,12.66
415,Ust-Uda,RU,2021-10-28 00:23:15,54.1742,103.0304,32.43,53,100,7.05
416,Padang,ID,2021-10-28 00:23:16,-0.9492,100.3543,73.45,75,93,3.8
417,Floirac,FR,2021-10-28 00:22:40,44.8324,-0.5141,51.19,100,0,4.61
418,Puerto Carreno,CO,2021-10-28 00:23:16,6.189,-67.4859,75.31,91,91,3.11
419,Noumea,NC,2021-10-28 00:23:16,-22.2763,166.4572,82.38,99,59,13.44
420,Vidim,RU,2021-10-28 00:23:17,56.4088,103.1106,26.08,57,89,6.55
421,Krasnoyarsk,RU,2021-10-28 00:19:48,56.0097,92.7917,27.0,58,100,7.47
422,Qidong,CN,2021-10-28 00:23:17,31.8128,121.6561,66.04,58,36,8.99
423,Kelvington,CA,2021-10-28 00:23:17,52.1667,-103.5343,42.46,59,0,4.99
424,Matagami,CA,2021-10-28 00:23:18,49.7502,-77.6328,33.91,93,1,0.0
425,Santander,ES,2021-10-28 00:20:08,43.4647,-3.8044,53.82,90,0,1.01
426,Hervey Bay,AU,2021-10-28 00:19:30,-25.2986,152.8535,84.04,71,24,13.4
427,Holzminden,DE,2021-10-28 00:23:18,51.828,9.4455,53.28,88,42,4.52
428,Pangkalanbuun,ID,2021-10-28 00:23:19,-2.6833,111.6167,75.27,98,100,1.05
429,Synya,RU,2021-10-28 00:23:19,65.3718,58.0387,24.71,95,100,9.26
430,Zaysan,KZ,2021-10-28 00:23:19,47.4667,84.8667,44.02,63,88,2.98
431,Oktyabrskiy,RU,2021-10-28 00:23:20,54.4815,53.471,34.72,63,67,16.46
432,Chillan,CL,2021-10-28 00:18:57,-36.6066,-72.1034,70.12,40,54,5.75
433,Mount Isa,AU,2021-10-28 00:23:20,-20.7333,139.5,92.97,46,75,18.41
434,Chara,RU,2021-10-28 00:23:20,56.9064,118.2631,28.81,70,90,1.32
435,Xiamen,CN,2021-10-28 00:23:21,24.4798,118.0819,74.25,68,75,8.95
436,Nishihara,JP,2021-10-28 00:23:21,26.1842,127.7558,76.28,59,40,9.22
437,Baiyin,CN,2021-10-28 00:23:21,36.5583,104.2081,32.88,67,3,0.81
438,Seryshevo,RU,2021-10-28 00:23:22,51.0933,128.3786,35.94,73,5,3.58
439,Wilmington,US,2021-10-28 00:22:59,34.2257,-77.9447,60.85,83,1,0.0
440,Promyshlennaya,RU,2021-10-28 00:23:22,54.9159,85.6385,22.15,62,59,5.37
441,Hualmay,PE,2021-10-28 00:23:22,-11.0964,-77.6139,64.96,80,19,9.04
442,Mount Gambier,AU,2021-10-28 00:23:23,-37.8333,140.7667,60.71,88,90,11.5
443,Tarauaca,BR,2021-10-28 00:23:23,-8.1614,-70.7656,76.6,80,97,2.26
444,Tres Lagoas,BR,2021-10-28 00:20:07,-20.7511,-51.6783,78.15,73,100,5.46
445,Sciacca,IT,2021-10-28 00:23:23,37.5082,13.0881,63.46,80,100,5.17
446,Kisangani,CD,2021-10-28 00:23:24,0.5167,25.2,69.67,99,86,1.03
447,La Paz,BO,2021-10-28 00:23:24,-16.5,-68.15,48.18,61,20,9.22
448,Fairmont,US,2021-10-28 00:20:19,39.4851,-80.1426,52.39,96,100,2.73
449,Socota,CO,2021-10-28 00:23:24,6.0403,-72.6351,51.22,96,97,2.68
450,Pocatello,US,2021-10-28 00:23:25,42.8713,-112.4455,51.71,56,20,13.0
451,Clarence Town,AU,2021-10-28 00:23:25,-32.5833,151.7833,87.06,28,57,3.15
452,Anadyr,RU,2021-10-28 00:23:25,64.75,177.4833,-1.7,84,0,6.71
453,Acapulco,MX,2021-10-28 00:22:35,16.8634,-99.8901,82.22,83,40,5.75
454,Coari,BR,2021-10-28 00:23:26,-4.085,-63.1414,73.96,97,99,1.48
455,Srednekolymsk,RU,2021-10-28 00:23:26,67.45,153.6833,-3.15,95,54,2.57
456,Avera,US,2021-10-28 00:23:26,33.194,-82.5271,56.71,44,4,2.08
457,Gornopravdinsk,RU,2021-10-28 00:23:26,60.05,69.9,28.76,96,100,9.51
458,Suntar,RU,2021-10-28 00:23:27,62.1444,117.6319,27.14,69,56,12.21
459,Nurota,UZ,2021-10-28 00:23:27,40.5614,65.6886,41.09,46,100,6.08
460,Klaksvik,FO,2021-10-28 00:23:27,62.2266,-6.589,45.52,85,98,18.57
461,Villarrica,PY,2021-10-28 00:24:28,-25.75,-56.4333,72.27,54,7,3.78
462,Burriana,ES,2021-10-28 00:24:28,39.889,-0.085,63.7,81,100,3.91
463,Luderitz,NA,2021-10-28 00:24:28,-26.6481,15.1594,63.37,68,100,6.78
464,Te Anau,NZ,2021-10-28 00:24:29,-45.4167,167.7167,63.63,61,54,1.72
465,Eydhafushi,MV,2021-10-28 00:24:29,5.1033,73.0708,80.15,75,93,5.12
466,Novosergiyevka,RU,2021-10-28 00:20:14,52.0934,53.6528,33.98,54,67,16.84
467,Ferme-Neuve,CA,2021-10-28 00:24:29,46.7001,-75.4493,44.38,76,100,5.06
468,Kokopo,PG,2021-10-28 00:24:30,-4.352,152.2633,86.41,63,39,9.37
469,Yeniseysk,RU,2021-10-28 00:24:30,58.4497,92.1703,26.35,76,8,7.7
470,Zhigansk,RU,2021-10-28 00:24:30,66.7697,123.3711,20.82,94,100,24.79
471,Qiongshan,CN,2021-10-28 00:24:31,20.0058,110.3542,76.98,94,90,11.18
472,Banda Aceh,ID,2021-10-28 00:24:31,5.5577,95.3222,78.51,81,100,3.4
473,Santa Isabel Do Rio Negro,BR,2021-10-28 00:24:31,-0.4139,-65.0192,75.07,95,99,1.12
474,Jeremoabo,BR,2021-10-28 00:24:32,-10.075,-38.4808,72.12,78,56,8.52
475,Altyn-Topkan,TJ,2021-10-28 00:24:32,40.6528,69.5998,37.87,49,100,2.89
476,Amga,RU,2021-10-28 00:24:32,60.8953,131.9608,28.26,82,100,9.46
477,Oswego,US,2021-10-28 00:24:32,43.4501,-76.1497,50.45,72,95,1.99
478,Dengzhou,CN,2021-10-28 00:24:33,37.8086,120.7508,58.26,54,99,3.94
479,Naliya,IN,2021-10-28 00:24:33,23.2667,68.8333,78.4,37,0,7.25
480,Ouadda,CF,2021-10-28 00:24:33,8.0777,22.4007,69.75,87,83,1.01
481,Mariental,NA,2021-10-28 00:24:34,-24.6333,17.9667,67.77,47,60,12.28
482,Iranshahr,IR,2021-10-28 00:24:34,27.2025,60.6848,73.74,49,0,0.0
483,Victoria Point,AU,2021-10-28 00:24:34,-27.5833,153.3,88.45,72,19,5.01
484,Makinsk,KZ,2021-10-28 00:24:35,52.6292,70.4169,21.81,52,65,13.44
485,Dori,BF,2021-10-28 00:24:35,14.0354,-0.0345,88.2,22,17,8.23
486,Jieshi,CN,2021-10-28 00:24:35,22.8134,115.8257,75.94,80,61,16.87
487,Vila Velha,BR,2021-10-28 00:24:36,-20.3297,-40.2925,76.95,83,75,6.91
488,Puerto Madryn,AR,2021-10-28 00:20:54,-42.7692,-65.0385,68.13,41,0,24.92
489,Lazaro Cardenas,MX,2021-10-28 00:24:36,17.9583,-102.2,80.62,81,91,5.01
490,Boyolangu,ID,2021-10-28 00:24:36,-8.1181,111.8935,79.57,83,100,3.6
491,Na Klang,TH,2021-10-28 00:24:37,17.3072,102.1889,76.75,99,100,3.65
492,Daru,PG,2021-10-28 00:24:37,-9.0763,143.2092,84.18,73,99,14.47
493,Kodinsk,RU,2021-10-28 00:24:37,58.6881,99.1844,25.2,63,65,9.73
494,Maple Creek,CA,2021-10-28 00:24:37,49.9168,-109.4848,53.65,28,20,12.66
495,Dunedin,NZ,2021-10-28 00:24:38,-45.8742,170.5036,60.98,73,9,12.53
496,Brae,GB,2021-10-28 00:24:38,60.3964,-1.353,51.71,86,61,8.37
497,Fort Nelson,CA,2021-10-28 00:24:38,58.8053,-122.7002,31.59,93,90,2.3
498,San Felipe,VE,2021-10-28 00:24:39,10.3399,-68.7425,71.4,97,100,3.29
499,Omsukchan,RU,2021-10-28 00:24:39,62.5333,155.8,8.96,94,98,6.11
500,Svetlyy,RU,2021-10-28 00:24:39,54.675,20.1347,57.25,87,100,16.55
501,Razole,IN,2021-10-28 00:24:39,16.4833,81.8333,73.45,89,16,4.34
502,Vila,PT,2021-10-28 00:24:40,42.0304,-8.1588,50.32,63,7,4.21
503,Jambi,ID,2021-10-28 00:24:40,-1.6,103.6167,76.57,94,99,2.73
504,Caucasia,CO,2021-10-28 00:24:40,7.9865,-75.1935,76.15,95,88,1.99
505,Kadoma,JP,2021-10-28 00:24:41,34.7333,135.5833,66.94,52,20,2.3
506,Carutapera,BR,2021-10-28 00:24:41,-1.195,-46.02,79.02,80,66,6.78
507,Bose,IT,2021-10-28 00:24:41,45.4612,8.0137,48.74,79,21,2.91
508,Kirakira,SB,2021-10-28 00:25:42,-10.4544,161.9205,84.6,74,69,7.65
509,Karratha,AU,2021-10-28 00:25:42,-20.7377,116.8463,79.11,27,4,10.02
510,Farafenni,GM,2021-10-28 00:25:42,13.5667,-15.6,79.74,76,66,7.11
511,Mattru,SL,2021-10-28 00:25:43,7.6244,-11.8332,74.32,97,86,2.39
512,Malakal,SS,2021-10-28 00:25:43,9.5334,31.6605,72.66,83,89,2.57
513,Staffanstorp,SE,2021-10-28 00:25:43,55.6428,13.2064,57.47,87,90,3.0
514,Dharchula,IN,2021-10-28 00:25:44,29.85,80.5333,51.89,38,0,8.5
515,Praia Da Vitoria,PT,2021-10-28 00:25:44,38.7333,-27.0667,66.45,82,40,9.78
516,Arkadelphia,US,2021-10-28 00:22:45,34.1209,-93.0538,64.26,94,90,11.5
517,Raudeberg,NO,2021-10-28 00:25:44,61.9875,5.1352,54.19,91,92,10.0
518,Tambura,SS,2021-10-28 00:25:45,5.6,27.4667,71.15,81,59,1.41
519,Eyl,SO,2021-10-28 00:25:45,7.9803,49.8164,77.77,78,24,5.12
520,Virginia Beach,US,2021-10-28 00:23:23,36.8529,-75.978,68.05,72,75,4.61
521,Reynosa,MX,2021-10-28 00:25:45,26.0833,-98.2833,87.64,18,1,9.22
522,Chipinge,ZW,2021-10-28 00:25:46,-20.1883,32.6236,60.4,92,80,6.51
523,Nizhniy Lomov,RU,2021-10-28 00:25:46,53.5304,43.6766,42.4,76,96,10.87
524,Oriximina,BR,2021-10-28 00:25:46,-1.7656,-55.8661,77.4,82,99,2.46
525,Evensk,RU,2021-10-28 00:25:46,61.95,159.2333,12.56,87,100,4.74
526,Sistranda,NO,2021-10-28 00:25:47,63.7256,8.834,51.91,84,100,26.4
527,Puri,IN,2021-10-28 00:25:47,19.8,85.85,77.52,85,89,16.13
528,Kaseda,JP,2021-10-28 00:25:47,31.4167,130.3167,60.03,53,0,9.28
529,West Helena,US,2021-10-28 00:25:48,34.5507,-90.6418,58.68,91,98,19.64
530,Rurrenabaque,BO,2021-10-28 00:25:48,-14.4413,-67.5278,81.72,54,36,1.86
531,Erenhot,CN,2021-10-28 00:25:48,43.6475,111.9767,41.22,36,0,7.56
532,Vanimo,PG,2021-10-28 00:25:49,-2.6741,141.3028,82.04,82,92,4.81
533,Kholodnyy,RU,2021-10-28 00:25:49,62.7167,147.95,1.35,94,88,1.5
534,Skibbereen,IE,2021-10-28 00:25:49,51.55,-9.2667,57.0,97,100,9.78
535,Santa Maria,BR,2021-10-28 00:25:50,-29.6842,-53.8069,72.7,60,0,5.75
536,Port Blair,IN,2021-10-28 00:25:50,11.6667,92.75,80.64,83,40,5.75
537,Fomboni,KM,2021-10-28 00:25:50,-12.28,43.7425,79.92,74,1,11.1
538,Chanute,US,2021-10-28 00:25:51,37.6792,-95.4572,60.91,88,90,9.22
539,Westport,US,2021-10-28 00:25:51,41.1415,-73.3579,56.97,87,1,4.0
540,Hattiesburg,US,2021-10-28 00:24:40,31.3271,-89.2903,72.21,93,90,4.61
541,Puerto Ayacucho,VE,2021-10-28 00:25:51,5.6639,-67.6236,74.86,93,88,3.65
542,San-Pedro,CI,2021-10-28 00:25:52,4.7485,-6.6363,77.22,89,28,5.08
543,Rochester,US,2021-10-28 00:25:52,43.1548,-77.6156,51.28,91,20,0.0
544,Labuhan,ID,2021-10-28 00:25:52,-6.8844,112.2051,80.94,80,95,7.36
545,Ketchikan,US,2021-10-28 00:24:03,55.3422,-131.6461,45.07,87,75,8.05
546,Plyussa,RU,2021-10-28 00:25:53,58.4308,29.3654,51.22,82,100,14.18
547,Lebork,PL,2021-10-28 00:25:53,54.5392,17.7501,56.91,86,100,13.22
548,Waingapu,ID,2021-10-28 00:25:53,-9.6567,120.2641,85.71,66,38,8.57
549,Srikakulam,IN,2021-10-28 00:25:54,18.3,83.9,73.76,83,57,7.2
550,Santarem,BR,2021-10-28 00:22:39,-2.4431,-54.7083,73.53,100,0,0.0
551,Panzhihua,CN,2021-10-28 00:25:54,26.5851,101.7128,62.35,89,59,1.86
552,Inirida,CO,2021-10-28 00:25:54,3.8653,-67.9239,72.52,98,92,2.08
553,Teguise,ES,2021-10-28 00:25:55,29.0605,-13.564,64.62,77,20,4.61
554,Lorengau,PG,2021-10-28 00:25:55,-2.0226,147.2712,83.52,76,52,6.31
555,Kuytun,RU,2021-10-28 00:26:56,54.3419,101.5036,28.02,90,100,4.54
556,Silopi,TR,2021-10-28 00:26:58,37.2497,42.4694,65.03,39,90,2.51
557,Oro Valley,US,2021-10-28 00:23:48,32.3909,-110.9665,73.78,19,0,4.0
558,Kuching,MY,2021-10-28 00:27:00,1.55,110.3333,75.42,100,40,5.75
559,Sola,VU,2021-10-28 00:27:01,-13.8833,167.55,81.27,65,90,0.0
560,Mezen,RU,2021-10-28 00:27:02,65.8522,44.24,24.57,85,95,11.92
561,Yubari,JP,2021-10-28 00:27:02,43.0378,141.9578,55.9,81,69,5.41
562,Isilkul,RU,2021-10-28 00:27:03,54.9109,71.2728,31.53,52,85,12.17
563,Santa Cruz,BO,2021-10-28 00:27:04,-17.8,-63.1667,78.26,69,20,4.61
564,Lixourion,GR,2021-10-28 00:27:05,38.2019,20.4314,59.95,67,34,9.82
565,Shingu,JP,2021-10-28 00:27:06,33.7333,135.9833,67.19,58,0,5.59
566,Yerbogachen,RU,2021-10-28 00:27:07,61.2767,108.0108,21.27,71,100,17.0
567,Chandler,US,2021-10-28 00:23:35,33.3062,-111.8412,79.16,19,1,3.44
568,Jardim,BR,2021-10-28 00:27:07,-21.4803,-56.1381,79.74,57,95,3.65
569,Erzin,TR,2021-10-28 00:27:08,36.9559,36.2,63.12,40,65,1.57
570,Meybod,IR,2021-10-28 00:27:08,32.2501,54.0166,53.62,41,0,9.53
571,Bakonyszentlaszlo,HU,2021-10-28 00:27:09,47.389,17.8032,42.51,83,63,3.15
572,Tevaitoa,PF,2021-10-28 00:27:10,-16.7833,-151.5,80.28,77,15,10.45
573,Okha,RU,2021-10-28 00:27:10,53.5739,142.9478,40.86,84,83,11.83
